,short_name,silhouette,davies_bouldin,calinski_harabasz,homogeneity,model,f_name,f_surname,f_full_name,n_clusters,mean_rnk_cl_data
6,neur_lstm_Kmean,0.32907379594976643,0.8420407095223035,451.8513369177712,0.09745846416357062,Kmeans,neural,lstm,neural_lstm,11.0,1.75
12,deco_isom_Kmean,0.22655220568031118,1.379127450087581,80.66765673775687,0.45279294943002857,Kmeans,decomp,isomap,decomp_isomap,18.0,1.5
15,tabl__Kmean,0.18966756946812172,1.271665780545052,115.04537808739059,0.14968530209826256,Kmeans,table_data,,table_data_,9.0,2.0
18,neur_mlp_Kmean,0.16400840927282723,1.4548657131254854,137.22417969698935,0.12919008591920758,Kmeans,neural,mlp,neural_mlp,11.0,2.75
19,deco_pca_Kmean,0.1621552539063818,1.4135944290284783,62.94827537403463,0.3493404047163773,Kmeans,decomp,pca,decomp_pca,18.0,2.25
23,deco_fast_Kmean,0.1432056119383312,1.6197183438909852,29.019602005469068,0.5332220737242235,Kmeans,decomp,fast_ica,decomp_fast_ica,18.0,2.25
31,neur_conv_Kmean,0.0926331725232262,1.7798071023246627,39.14687228394491,0.1835276414776274,Kmeans,neural,conv,neural_conv,11.0,2.5
33,orig__MiniB,0.0652806702640439,2.466248990638765,20.273642836401354,0.2835213195911065,MiniBatchKMeans,original,,original_,10.0,2.25
