,short_name,silhouette,davies_bouldin,calinski_harabasz,homogeneity,model,f_name,f_surname,f_full_name,n_clusters,mean_rnk_cl_data
6,neur_lstm_Kmean,0.3110849286706079,0.8972849756663595,477.00015902244513,0.08777579592748053,Kmeans,neural,lstm,neural_lstm,9.0,1.0520924760842418
11,deco_isom_MiniB,0.23551185773934954,1.3384270829725144,79.64486006530251,0.4020383964703891,MiniBatchKMeans,decomp,isomap,decomp_isomap,18.0,1.393484735177966
14,tabl__Kmean,0.2035708276057284,1.0460108706959304,119.30336138139722,0.13066208433282664,Kmeans,table_data,,table_data_,10.0,1.3123954245754148
19,deco_pca_Spect,0.15244866560692708,1.3672981466404097,55.847363225052135,0.399340804319945,Spectral,decomp,pca,decomp_pca,18.0,1.3799367030618341
22,deco_fast_Gauss,0.13345728859259895,1.767536233404383,23.04291586614725,0.5228305170134593,Gauss_Mix,decomp,fast_ica,decomp_fast_ica,18.0,1.4752483804992456
24,neur_mlp_Kmean,0.12563559747623682,1.6077511721455036,73.37468668401809,0.1448606076027321,Kmeans,neural,mlp,neural_mlp,10.0,1.433346692405435
30,neur_conv_Kmean,0.07852281539189669,2.2814457888985555,43.2145752146896,0.24011441068286055,Kmeans,neural,conv,neural_conv,9.0,1.3399921510726132
37,orig__Gauss,0.02108968194042726,2.7177637414895472,17.01083703792812,0.29926183409967827,Gauss_Mix,original,,original_,12.0,1.6847133558574936
