,short_name,silhouette,davies_bouldin,calinski_harabasz,homogeneity,model,f_name,f_surname,f_full_name,n_clusters,mean_rnk_cl_data
5,neur_lstm_Kmean,0.3160431117845986,0.8282155990943375,469.6418470225781,0.1244181593151786,Kmeans,neural,lstm,neural_lstm,13.0,0.786064677719734
12,deco_isom_Kmean,0.22655220568031118,1.379127450087581,80.66765673775687,0.45279294943002857,Kmeans,decomp,isomap,decomp_isomap,18.0,0.901419913941973
15,tabl__Kmean,0.18966756946812172,1.271665780545052,115.04537808739059,0.14968530209826256,Kmeans,table_data,,table_data_,9.0,0.8653333375032934
18,deco_pca_Kmean,0.1621552539063818,1.4135944290284783,62.94827537403463,0.3493404047163773,Kmeans,decomp,pca,decomp_pca,18.0,1.393937420733715
25,deco_fast_Gauss,0.1371893933467606,1.8074866165007377,26.275279887029043,0.5609820075758288,Gauss_Mix,decomp,fast_ica,decomp_fast_ica,18.0,1.2361690024618746
26,neur_mlp_Kmean,0.13189747342495983,1.790347193296319,89.20367581186461,0.13369981164624586,Kmeans,neural,mlp,neural_mlp,9.0,1.2305611666803198
31,neur_conv_Kmean,0.07562439398320442,2.0992288082821107,40.15629971856829,0.1785211125095441,Kmeans,neural,conv,neural_conv,10.0,1.5437133005663288
32,orig__MiniB,0.0652806702640439,2.466248990638765,20.273642836401354,0.2835213195911065,MiniBatchKMeans,original,,original_,10.0,1.8828824152257022
