,short_name,silhouette,davies_bouldin,calinski_harabasz,homogeneity,model,f_name,f_surname,f_full_name,n_clusters,mean_rnk_cl_data
5,neur_lstm_Kmean,0.33355076771321573,0.8687610207640654,401.78605627778967,0.11059681882519816,Kmeans,neural,lstm,neural_lstm,9.0,1.75
11,deco_isom_Agglo,0.24099400277270416,1.3350244448614892,92.05829227902063,0.48637911992348304,Agglomer,decomp,isomap,decomp_isomap,18.0,1.75
14,tabl__Kmean,0.21919387258186201,1.1373255258341761,128.0415597053138,0.1364830411020108,Kmeans,table_data,,table_data_,9.0,2.25
19,deco_pca_Kmean,0.1701018354124167,1.536149140576159,71.02214275620979,0.302917241332494,Kmeans,decomp,pca,decomp_pca,18.0,2.5
22,deco_fast_Kmean,0.15680634803584773,1.499383896239173,32.04320842186623,0.5940914102236118,Kmeans,decomp,fast_ica,decomp_fast_ica,18.0,1.5
30,neur_mlp_Kmean,0.13099228095545515,1.8743855669888836,162.63211476890342,0.13230309405943794,Kmeans,neural,mlp,neural_mlp,9.0,2.5
31,neur_conv_MiniB,0.09756762037851172,1.8331933299366625,42.09825107612464,0.18023429636232988,MiniBatchKMeans,neural,conv,neural_conv,10.0,2.25
34,orig__Spect,0.041580244712149904,2.638671697578109,16.080998031577565,0.4444933904272384,Spectral,original,,original_,12.0,2.25
