,silhouette,davies_bouldin,calinski_harabasz,homogeneity
Kmeans_original,0.02787202118642422,2.550901429818456,12.70169347943696,0.3891958366918558
Random,-0.06902959275091182,7.847369240467214,1.0744818489928833,0.14226560697382254
