clust_method,mean_return,mean_risk,max_drawndown,max_recovery,mean_ranks_port
tabl__Kmean,0.04083843792964914,0.018974427589167113,-2.0591343593993727,46.0,1.5102096094824122
neur_conv_Gauss,0.03350142502841802,0.019270211737952556,-2.551012000053088,70.0,2.0083753562571047
orig__MiniB,0.03947355412827913,0.019963148478977184,-2.371785594558873,71.0,2.0098683885320696
deco_pca_Gauss,0.03571341676672768,0.019800626640706497,-2.3906194304530115,46.0,2.758928354191682
deco_fast_Kmean,0.03665582243823806,0.01940436817436252,-2.644892172431157,47.0,2.7591639556095595
neur_mlp_Kmean,0.03487619481722204,0.020172231709342126,-2.7007462921694314,46.0,4.008719048704306
orig__rando,0.03704241577245826,0.020331294322958406,-2.729888854025031,46.0,4.5092606039431145
orig__origi,0.0385207818457558,0.020814208922687528,-2.8178710268992657,46.0,5.009630195461439
