clust_method,mean_return,mean_risk,max_drawndown,max_recovery,mean_ranks_port
neur_conv_Kmean,0.034730167270654144,0.019676306707411537,-2.3522541058699775,45.0,1.2586825418176635
deco_pca_Kmean,0.03914145377157663,0.01983136382253505,-2.5348523676532286,81.0,1.2597853634428942
orig__Agglo,0.039249492074721726,0.02009837665056885,-2.5873189170817157,81.0,1.7598123730186805
orig__rando,0.03704241577245826,0.020331294322958406,-2.729888854025031,46.0,2.5092606039431145
neur_mlp_Kmean,0.03511963913598626,0.021006444303349334,-2.7981408068340374,46.0,3.2587799097839967
orig__origi,0.0385207818457558,0.020814208922687528,-2.8178710268992657,46.0,3.259630195461439
tabl__Kmean,0.03678489425109355,0.022329298268703425,-3.219739627622764,46.0,4.009196223562773
